rolotube.com	unknown	Cloudflare
roma.bakecaincontrii.com	unknown	Cloudflare
romsfun.com	bbr	Cloudflare
rongbachkim.com	bbr	Cloudflare
rotasdeviagem.com.br	bbr	Cloudflare
rotter.net	unknown	Cloudflare
roundrockisd.schoology.com	unkown-all-invalid	Cloudfront
router-network.com	bbr	Cloudflare
rp-online.de	bbr	Cloudflare
rpp.pe	cubic	Fastly
rt.pornhub.com	bbr	
ru.pinterest.com	unknown	Fastly
ru.sex-studentki.guru	bbr	Cloudflare
ru.spankbang.com	bbr	Cloudflare
ru.wikipedia.org	unkown-all-invalid	
ru.xhamster.com	bbr	Cloudflare
rubias19.com	bbr	Cloudflare
ruenu.com	bbr	Cloudflare
rule34.paheal.net	cdg	
rule34.us	unknown	Cloudflare
rule34.xxx	cdg	Cloudflare
rule34video.com	bbr	Cloudflare
runescape.wiki	unknown	Google
rupeetub.com	unkown-all-invalid	Cloudflare
rus.delfi.lv	bbr	Cloudflare
rutgers.instructure.com	unknown	
rutracker.org	bbr	Cloudflare
rutube.ru	unknown	
s.shabakngy.com	unkown-all-invalid	Cloudflare
s2manga.com	bbr	Cloudflare
sa.investing.com	bbr	Cloudflare
sabq.org	bbr	Cloudflare
salerno.bakecaincontrii.com	bbr	Cloudflare
samacheerkalvi.guru	bbr	Cloudflare
sangtacvietfpt.com	unkown-all-invalid	Cloudflare
sante.journaldesfemmes.fr	bbr	Akamai
sarapbabe.com	unkown-all-invalid	Cloudflare
sarkarihelp.com	bbr	Cloudflare
sarkarijobfind.com	bbr	Cloudflare
sarkariprep.in	unknown	Cloudflare
satta-king-black.com	bbr	Cloudflare
satta-king-fast.com	unknown	Cloudflare
satta-king-up.com	bbr	Cloudflare
satta-king.in	bbr	Cloudflare
satta-king.online	bbr	Cloudflare
satta-king.org	unknown	
satta-no.com	bbr	Cloudflare
sattaaking.xyz	unkown-all-invalid	Cloudflare
sattaking-up.com	unkown-all-invalid	Cloudflare
sattakingy.in	bbr	Cloudflare
sattamatka.org	bbr	Cloudflare
sattamatka.rest	bbr	Cloudflare
sattamatkaji.co.in	unkown-all-invalid	Cloudflare
sattamatkano1.net	bbr	Cloudflare
sattamatkaresult.net	bbr	Cloudflare
sattaresult.in	bbr	Cloudflare
sattasport.com	unkown-all-invalid	Google
save-from.net	unkown-all-invalid	Cloudflare
savefrom.biz	unkown-all-invalid	Cloudflare
saveinsta.app	bbr	Cloudflare
scholar.google.com	unknown	Google
scholar.google.com.br	unknown	Google
scholar.google.es	unknown	Google
school.careers360.com	bbr	Cloudfront
schools.aglasem.com	bbr	Cloudflare
scitechdaily.com	bbr	Cloudflare
scorenga.com	unknown	Google
scratch.mit.edu	cdg	Fastly
scryfall.com	unknown	Cloudflare
search.bilibili.com	unkown-all-invalid	
search.yahoo.com	cubic	Yahoo
seattle.craigslist.org	unknown	
secreto.site	unknown	Cloudflare
secure.booking.com	bbr	Cloudfront
secure.livechatinc.com	unknown	Akamai
secure.login.gov	unkown-all-invalid	Cloudfront
secure.tagged.com	unkown-all-invalid	
secure.therapservices.net	unkown-all-invalid	
secure.verizon.com	unkown-all-invalid	EdgeCast
sed.educacao.sp.gov.br	unknown	
sede.seg-social.gob.es	unkown-all-invalid	Telefonica
seekingalpha.com	cubic	Fastly
seksly.com	unknown	Cloudflare
select.mamastar.jp	bbr	Cloudfront
seller-id.tiktok.com	unknown	Akamai
seller.indiamart.com	unknown	Google
sellercentral-japan.amazon.com	bbr	Cloudfront
sellercentral.amazon.co.jp	unknown	Cloudfront
sellercentral.amazon.co.uk	bbr	Cloudfront
sellercentral.amazon.com	bbr	Cloudfront
sellercentral.amazon.de	bbr	Cloudfront
sellercentral.amazon.in	bbr	Cloudfront
semarjitu77.club	bbr	Cloudflare
sena.territorio.la	unkown-all-invalid	Cloudflare
sensatsiya.com	bbr	Cloudflare
seriesmy.com	bbr	Cloudflare
serviciosdigitales.imss.gob.mx	unkown-all-invalid	Incapsula
seucreditodigital.com.br	bbr	
sevilla.abc.es	bbr	Telefonica
sex4arab.xxx	unknown	Cloudflare
sexalarab.com	bbr	Cloudflare
sexbaba.co	bbr	Cloudflare
sexbebin.com	unkown-all-invalid	Cloudflare
sexcelebrity.net	bbr	Cloudflare
sexkomix2.com	unknown	Cloudflare
sexnewx.com	unkown-all-invalid	Cloudflare
sexosintabues30.com	bbr	Cloudflare
sextb.net	bbr	Cloudflare
sfbay.craigslist.org	unknown	
sfile.mobi	unkown-all-invalid	Cloudflare
sflix.to	unkown-all-invalid	Cloudflare
sgxnifty.org	bbr	Cloudflare
shafa.ua	bbr	Cloudflare
shahvani.com	unkown-all-invalid	Cloudflare
shamela.ws	unknown	Cloudflare
sharechat.com	unknown	Google
shinden.pl	unkown-all-invalid	Cloudflare
shinigami.id	unknown	
shooshtime.com	unknown	
shop.advanceautoparts.com	unkown-all-invalid	Akamai
shop.gadgetsnow.com	bbr	Akamai
shop.nijisanji.jp	bbr	Cloudfront
shopee.com.br	cubic	
showbuzz.dnevnik.hr	bbr	Cloudflare
sic.pt	bbr	Cloudflare
sicnoticias.pt	bbr	Cloudfront
signin.ebay.com	unknown	Akamai
signup.live.com	unknown	
simreg.smart.com.ph	unkown-all-invalid	Google
sisu.mec.gov.br	unkown-all-invalid	
sisualuno.mec.gov.br	unkown-all-invalid	
site2.q10.com	unknown	
site3.q10.com	unknown	
sj.uukanshu.com	unknown	
sketchfab.com	bbr	Cloudfront
skyhome.squarespace.com	unkown-all-invalid	
sl-ads.com	bbr	Cloudflare
slate.com	cubic	Fastly
slickdeals.net	bbr	Cloudflare
slidesgo.com	bbr	Google
slobodnadalmacija.hr	unknown	Cloudflare
slotairbet88.live	unknown	Cloudflare
sm3ha.mx	bbr	Cloudflare
smakosze.pl	bbr	Cloudflare
smallpdf.com	bbr	Cloudfront
smallseotools.com	bbr	Cloudflare
snapinsta.app	bbr	Cloudflare
snapsave.app	bbr	Cloudflare
snaptik.app	bbr	Cloudflare
sniffies.com	unknown	Cloudflare
soap2day.id	unkown-all-invalid	Cloudflare
soap2day.rs	bbr	Cloudflare
soap2day.to	unkown-all-invalid	Cloudflare
soaps.sheknows.com	cubic	Fastly
socialblade.com	unknown	Google
socpublic.com	bbr	Cloudflare
sodimac.falabella.com	bbr	Cloudflare
sofifa.com	bbr	Cloudflare
solitaired.com	bbr	Cloudfront
sorteesportiva.net	bbr	Cloudflare
sot.com.al	bbr	Cloudflare
soundcloud.com	unkown-all-invalid	Cloudfront
soundgasm.net	unkown-all-invalid	
sourceforge.net	unkown-all-invalid	Cloudflare
sp.jra.jp	unknown	Akamai
sp.netkeiba.com	unknown	Akamai
spankbang.party	bbr	Cloudflare
spinmasterfree.com	unkown-all-invalid	
sport.hollywoodbets.net	bbr	Cloudflare
sport.playauto.cloud	unkown-all-invalid	Cloudflare
sport.sky.it	bbr	Cloudfront
sport24.ru	unknown	
sports.bet9ja.com	unkown-all-invalid	Akamai
sports.ndtv.com	bbr	Akamai
sports.ssmmbbbb.com	unkown-all-invalid	Cloudflare
sportske.jutarnji.hr	bbr	Cloudflare
sportsport.ba	bbr	Cloudflare
sporza.be	bbr	Cloudfront
sproutgigs.com	bbr	Cloudflare
spynews.ro	bbr	Cloudflare
squareup.com	unknown	Cloudflare
ssc.digialm.com	unkown-all-invalid	Akamai
sshocean.com	unknown	Cloudflare
ssstik.io	bbr	Cloudflare
ssstwitter.com	bbr	Cloudflare
ssyoutube.com	bbr	Cloudflare
stackoverflow.com	unkown-all-invalid	Cloudflare
stad.yalla-shoot.io	bbr	Cloudflare
stardewvalleywiki.com	unkown-all-invalid	Cloudflare
starpets.gg	unkown-all-invalid	Cloudflare
starsunfolded.com	unknown	Cloudflare
startefacts.com	bbr	Cloudflare
starwars.fandom.com	unkown-all-invalid	Fastly
statusinvest.com.br	bbr	Cloudflare
steamcommunity.com	unkown-all-invalid	Akamai
steamunlocked.net	bbr	Cloudflare
stihi.ru	unkown-all-invalid	
stirileprotv.ro	bbr	Cloudflare
sto520.com	unknown	Cloudflare
stock.adobe.com	unknown	Fastly
